n,window_ms,plaintext_ms_median,plaintext_ms_std,aes_ms_median,aes_ms_std,paillier_nobatch_ms_median,paillier_nobatch_ms_std,ours_ms_median,ours_ms_std,ours_enclave_ms_median,ours_enclave_ms_std,ours_kmm_ms_median,ours_kmm_ms_std,ours_storage_ms_median,ours_storage_ms_std,ours_within_500ms,conclusion
10,500.0,0.001200009137392044,0.00015269017811843943,0.06690004374831915,0.6104037629360989,812.0058999629691,44.28626667270022,907.1598000591621,25.116552648577002,749.913900042884,26.58346137742116,67.79660005122423,1.938993682593134,18.3690000558272,1.5883627932547826,False,violates_500ms_window
50,500.0,0.001500011421740055,0.0008621743753962472,0.3625000827014446,0.20978319767070064,3614.331300021149,38.43333956599199,3716.7558000655845,1046.2492977383538,3556.600600015372,938.7118629833694,71.2925000116229,92.75537294250046,18.303300021216273,18.387812895627093,False,violates_500ms_window
100,500.0,0.002600019797682762,0.0005685635686916612,2.167799975723028,0.7656379491764186,17788.65969995968,531.0273999706263,18633.06779996492,1438.0198399459111,18254.749900079332,1432.6369759550487,172.93199989944696,10.871225351547373,47.84989997278899,2.6299333399538813,False,violates_500ms_window
200,500.0,0.003300025127828121,0.0015631284473663495,3.262199927121401,2.003552270506108,29203.3694999991,1874.5458126732044,14786.420400021598,12499.14972483529,14621.899800025858,12350.738785448722,74.19720001053065,72.99227999198351,17.910500057041645,18.527990526035737,False,violates_500ms_window
500,500.0,0.002900022082030773,0.0022604811750586485,4.09209995996207,6.532586350821709,70709.36269999947,21560.348310861336,85171.99289996643,22769.606843273625,84689.75830008276,22657.910971372046,169.90400000941008,64.29432441606356,48.13940008170903,14.954828101085834,False,violates_500ms_window
