n,window_ms,plaintext_ms_median,plaintext_ms_std,aes_ms_median,aes_ms_std,paillier_nobatch_ms_median,paillier_nobatch_ms_std,ours_ms_median,ours_ms_std,ours_enclave_ms_median,ours_enclave_ms_std,ours_kmm_ms_median,ours_kmm_ms_std,ours_storage_ms_median,ours_storage_ms_std,ours_within_500ms,conclusion
10,500.0,0.0012998934835195541,0.00036057402279441843,0.14480005484074354,0.7993045505885961,839.7021000273526,35.746046704281405,919.2875999724492,18.249828511327824,709.1511999024078,11.969573764637829,68.54780006688088,2.962829154712663,74.66969999950379,6.925500349192802,False,violates_500ms_window
50,500.0,0.001200009137392044,5.773546654194227e-05,0.27650000993162394,0.05431059306640633,3650.166100007482,157.4749527772045,3676.887199981138,31.948408858162146,3465.5032999580726,32.27860924469294,65.57660002727062,2.843183023242011,70.07320004049689,1.7705382155662501,False,violates_500ms_window
100,500.0,0.001600012183189392,0.0003785557770770117,0.4536999622359872,0.06174315321716326,7355.610799975693,121.35379519437133,7424.652899964713,92.28909569498609,7207.94729993213,87.88895659632807,70.14299998991191,2.7467644958098596,76.61150000058115,2.4433327828645455,False,violates_500ms_window
200,500.0,0.001800013706088066,0.00026457714571204074,0.9843000443652272,0.41428347360012807,14522.439199965447,63.988205446196865,15038.7840999756,295.55143258630886,14805.905199958943,307.67017929134323,71.23829994816333,2.514811696289402,73.27539997640997,1.8451597488596394,False,violates_500ms_window
500,500.0,0.002800021320581436,0.00032145747308359127,2.3240000009536743,0.08680358837471819,37379.598399973474,577.7190239277801,37212.40060008131,234.83366530050506,36991.3711999543,232.64745968415218,67.10490002296865,4.420974257743662,69.10960003733635,6.759445474111554,False,violates_500ms_window
