method,runs,completion_pct_mean,completion_pct_std,completion_pct_ci95,deadline_satisfaction_pct_mean,deadline_satisfaction_pct_std,deadline_satisfaction_pct_ci95,redelegation_rate_pct_mean,redelegation_rate_pct_std,redelegation_rate_pct_ci95,ls_target_accuracy_pct_mean,ls_target_accuracy_pct_std,ls_target_accuracy_pct_ci95,to_target_accuracy_pct_mean,to_target_accuracy_pct_std,to_target_accuracy_pct_ci95,workload_stdev_mean,workload_stdev_std,workload_stdev_ci95,baseline_note
random,5,76.6,0.5208166663999885,0.4565159361950003,70.02000000000001,0.8467585252006614,0.7422165721674499,23.4,0.5208166663999897,0.4565159361950013,18.076288027244047,1.445394134385862,1.2669438191963716,18.413581627488668,0.24995265626193797,0.21909316317886604,0.12453821457728666,0.0008337734573952659,0.0007308346583997689,simple heuristic baseline; no claim of state-of-the-art tuning
round_robin,5,76.67999999999999,0.09082951062292585,0.07961557636543337,70.42,0.7529940238806707,0.6600283630269256,23.32,0.09082951062292359,0.07961557636543139,17.443735257136986,1.403204183270975,1.2299626965215413,18.246758446887508,0.4768515373186773,0.41797880142697735,0.12443597983117788,0.0005760601366442716,0.0005049389728684483,simple heuristic baseline; no claim of state-of-the-art tuning
threshold,5,77.86999999999999,0.16046806535881475,0.14065646092519404,71.7,0.8403868156985822,0.7366315225402739,22.13,0.1604680653588127,0.14065646092519227,40.515836488648134,1.0445752071511836,0.9156105389539805,18.23205931583456,0.49706604856669173,0.43569760176971517,0.12045605564090363,0.0011147104380165673,0.0009770867793363752,simple heuristic baseline; no claim of state-of-the-art tuning
capacity,5,77.52,0.2079663434308523,0.18229053732983339,71.15,0.814708536840015,0.7141235187276768,22.48,0.20796634343085543,0.18229053732983613,34.25424659372852,1.231086902205037,1.0790952478197187,18.402490035816697,0.407205829681559,0.35693164707284963,0.12042993670286428,0.0008203070226025311,0.0007190308078642086,simple heuristic baseline; no claim of state-of-the-art tuning
