method,runs,completion_pct_mean,completion_pct_std,completion_pct_ci95,deadline_satisfaction_pct_mean,deadline_satisfaction_pct_std,deadline_satisfaction_pct_ci95,redelegation_rate_pct_mean,redelegation_rate_pct_std,redelegation_rate_pct_ci95,ls_target_accuracy_pct_mean,ls_target_accuracy_pct_std,ls_target_accuracy_pct_ci95,to_target_accuracy_pct_mean,to_target_accuracy_pct_std,to_target_accuracy_pct_ci95,workload_stdev_mean,workload_stdev_std,workload_stdev_ci95,baseline_note
random,5,89.03,1.2286171087853228,1.0769303784367883,81.92,1.6528762809115412,1.4488099392259757,25.511627906976745,2.85724909019842,2.5044892521785735,25.544409360799726,2.0970497256328535,1.8381451295752387,23.717160339654747,0.9496718897225361,0.8324241134821876,0.17979385856090502,0.0,0.0,simple heuristic baseline; no claim of state-of-the-art tuning
round_robin,5,89.25,0.0,0.0,82.08,0.47775516742364815,0.4187708681367395,25.0,0.0,0.0,25.500707576812836,1.4036760335969949,1.2303762915679823,25.340558415381828,0.6371373797471246,0.5584755369113019,0.17979385856090502,0.0,0.0,simple heuristic baseline; no claim of state-of-the-art tuning
threshold,5,100.0,0.0,0.0,93.03,0.44243643611257866,0.38781263517322373,0.0,0.0,0.0,0.0,0.0,0.0,100.0,0.0,0.0,0.16801741815779597,0.0,0.0,simple heuristic baseline; no claim of state-of-the-art tuning
capacity,5,100.0,0.0,0.0,93.03,0.44243643611257866,0.38781263517322373,0.0,0.0,0.0,100.0,0.0,0.0,100.0,0.0,0.0,0.17508237571729784,0.00022491158315723125,0.000197143694835733,simple heuristic baseline; no claim of state-of-the-art tuning
