method,windows,total_ms_median,total_ms_std,storage_bytes_per_window_median,within_500ms_windows,violates_500ms_windows
cloud_only,20,10.0,0.0,800.0,20,0
fog_plaintext,20,11.619099930394441,2.1832694415458844,8.0,20,0
paillier_nobatch,20,14622.44340002304,4241.838397180058,51200.0,0,20
ours,20,14388.631849947851,4228.462110054069,44.0,0,20
